{
    "step": 2,
    "loss": 0.4129294157028198,
    "accuracy": 0.892549991607666,
    "val_loss": 0.3659645617008209,
    "val_accuracy": 0.9038000106811523
}