{
    "avg_prec": 0.2236492883375879,
    "roc_auc": 0.8338131454463211
}