{
    "avg_prec": 0.5770941611443405,
    "roc_auc": 0.9463364332645878
}