{
    "avg_prec": 0.2205167515312273,
    "roc_auc": 0.8309726066256239
}