{
    "avg_prec": 0.576538590545817,
    "roc_auc": 0.9505934081099108
}