{
    "avg_prec": 0.5401233065844487,
    "roc_auc": 0.9248483895946578
}