{
    "avg_prec": 0.02863927177578688,
    "roc_auc": 0.605024226997769
}