{
    "avg_prec": 0.053913630193793735,
    "roc_auc": 0.7006298252742786
}