{
    "avg_prec": 0.5700288276968604,
    "roc_auc": 0.9459818450852162
}