{
    "step": 2,
    "loss": 0.4214246869087219,
    "accuracy": 0.8894666433334351,
    "val_loss": 0.3738841712474823,
    "val_accuracy": 0.9020000100135803
}