{
    "step": 2,
    "loss": 0.42168599367141724,
    "accuracy": 0.8888499736785889,
    "val_loss": 0.37362468242645264,
    "val_accuracy": 0.8995000123977661
}